<?xml version="1.0" encoding="utf-8"?>
<resources>
    <!-- Application theme -->
    <style name="AppTheme" parent="AppTheme.Base">
    </style>


    <!-- inherit from the material theme -->
    <style name="AppTheme" parent="android:Theme.Material.Light">
        <!-- Main theme colors -->
        <!--   your app branding color for the app bar -->
        <item name="android:colorPrimary">@color/colorPrimary</item>
        <!--   darker variant for the status bar and contextual app bars -->
        <item name="android:colorPrimaryDark">@color/colorPrimaryDark</item>
        <!--   theme UI controls like checkboxes and text fields -->
        <item name="android:colorAccent">@color/colorAccent</item>
    </style>


</resources>